<?xml version="1.0" encoding="UTF-8"?>

<beans xmlns="http://www.springframework.org/schema/beans"
	xmlns:context="http://www.springframework.org/schema/context"
	xmlns:xsi="http://www.w3.org/2001/XMLSchema-instance" xmlns:mvc="http://www.springframework.org/schema/mvc"
	xmlns:tx="http://www.springframework.org/schema/tx"


	xsi:schemaLocation="
        http://www.springframework.org/schema/beans    
        http://www.springframework.org/schema/beans/spring-beans-2.5.xsd
        http://www.springframework.org/schema/context
        http://www.springframework.org/schema/context/spring-context.xsd
        http://www.springframework.org/schema/mvc
        http://www.springframework.org/schema/mvc/spring-mvc.xsd
        http://www.springframework.org/schema/tx
        http://www.springframework.org/schema/tx/spring-tx-3.0.xsd">

		<bean id="triangle" class="com.cg.Triangle">
			<property name="pointA" ref="zeroPoint"></property>
			<property name="pointB" ref="Point1"></property>
			<property name="pointC" ref="Point2"></property>
		</bean>
		
        <bean id="zeroPoint" class="com.cg.Point">
            <property name="x" value="0"></property>
            <property name="y" value="0"></property>
        </bean>
        <bean id="Point1" class="com.cg.Point">
            <property name="x" value="-20"></property>
            <property name="y" value="-10"></property>
        </bean>
        <bean id="Point2" class="com.cg.Point">
            <property name="x" value="20"></property>
            <property name="y" value="10"></property>
        </bean>
		
</beans>
