<?xml version="1.0" encoding="UTF-8"?>

<beans xmlns="http://www.springframework.org/schema/beans"
	xmlns:context="http://www.springframework.org/schema/context"
	xmlns:xsi="http://www.w3.org/2001/XMLSchema-instance" xmlns:mvc="http://www.springframework.org/schema/mvc"
	xmlns:tx="http://www.springframework.org/schema/tx"

	xsi:schemaLocation="
        http://www.springframework.org/schema/beans    
        http://www.springframework.org/schema/beans/spring-beans-2.5.xsd
        http://www.springframework.org/schema/context
        http://www.springframework.org/schema/context/spring-context.xsd
        http://www.springframework.org/schema/mvc
        http://www.springframework.org/schema/mvc/spring-mvc.xsd
        http://www.springframework.org/schema/tx
		http://www.springframework.org/schema/tx/spring-tx-3.0.xsd">
		
		 <bean id="sbuBean" class="com.cg.Lab1_2.SBU">
        <property name="sbuId" value="PES-BU"/>
        <property name="sbuName" value="Product Engineering Services" />
        <property name="sbuHead" value="Kiran Rao" />
         </bean>
		
		<bean id="employeeBean" class="com.cg.Lab1_2.Employee">
        <property name="employeeId" value="12345"/>
        <property name="employeeName" value="Harriet" />
        <property name="salary" value="40000.0" />
        <property name="businessUnit" value="PES-BU"/>
        <property name="age" value="30"/>
        <property name="sbuDetails" ref="sbuBean"></property>
         </bean>
		
</beans>