<?xml version="1.0" encoding="UTF-8"?>

 

<beans xmlns="http://www.springframework.org/schema/beans"
    xmlns:context="http://www.springframework.org/schema/context"
    xmlns:xsi="http://www.w3.org/2001/XMLSchema-instance"
    xmlns:mvc="http://www.springframework.org/schema/mvc"
    xmlns:tx="http://www.springframework.org/schema/tx"
    xsi:schemaLocation="
        http://www.springframework.org/schema/beans    
        http://www.springframework.org/schema/beans/spring-beans-2.5.xsd
        http://www.springframework.org/schema/context
        http://www.springframework.org/schema/context/spring-context.xsd
        http://www.springframework.org/schema/mvc
        http://www.springframework.org/schema/mvc/spring-mvc.xsd
        http://www.springframework.org/schema/tx
        http://www.springframework.org/schema/tx/spring-tx-3.0.xsd"
        
        >
        <!-- default-init-method="myInit" default-destroy-method="tearDown" -->

 

    <bean id="triangle" class="com.cg.Triangle" 
    ><!-- init-method="myInit" destroy-method="tearDown" -->
<!--         <property name="pointA">
            <bean class="com.cg.Point"> <!- Inner bean. Used instead of ref and separate bean. Used to hide from others ->
                <property name="x" value="0"/>
                <property name="y" value="0"/>
            </bean>
        </property>-->
        
        <property name="pointA" ref="ZeroPoint"/>
        <property name="pointB" ref="center"/>
        <property name="pointC" ref="point2"/>
    </bean>

 

    <bean id="ZeroPoint" class="com.cg.Point">
        <property name="x" value="0" />
        <property name="y" value="0" />
    </bean>
    <bean id="center" class="com.cg.Point">
        <property name="x" value="-20" />
        <property name="y" value="-10" />
    </bean>
    <bean id="point2" class="com.cg.Point">
        <property name="x" value="20" />
        <property name="y" value="10" />
    </bean>
    <!-- 
    <bean id="circle" class="com.cg.Circle" autowire="byName">
        <property name="center" ref="point1"/>
    </bean> -->
    
<!--     <bean class="com.cg.DisplayNameBeanPostProcessor"/> -->
    <bean class="com.cg.MyBeanFactoryPostProcessor"/>
</beans>