<?xml version="1.0" encoding="UTF-8"?>



<beans xmlns="http://www.springframework.org/schema/beans"



	xmlns:context="http://www.springframework.org/schema/context"



	xmlns:xsi="http://www.w3.org/2001/XMLSchema-instance"



	xmlns:mvc="http://www.springframework.org/schema/mvc"



	xmlns:tx="http://www.springframework.org/schema/tx"



	xmlns:jpa="http://www.springframework.org/schema/data/jpa"





	xsi:schemaLocation="

 

        http://www.springframework.org/schema/beans    

 

        http://www.springframework.org/schema/beans/spring-beans.xsd

 

        http://www.springframework.org/schema/context

 

        http://www.springframework.org/schema/context/spring-context.xsd

 

        http://www.springframework.org/schema/mvc

 

        http://www.springframework.org/schema/mvc/spring-mvc.xsd

 

        http://www.springframework.org/schema/tx

 

        http://www.springframework.org/schema/tx/spring-tx-3.0.xsd

 

        http://www.springframework.org/schema/data/jpa

 

        http://www.springframework.org/schema/data/jpa/spring-jpa.xsd">



	<context:annotation-config></context:annotation-config>
	<context:component-scan
		base-package="com.cg.emp"></context:component-scan>
	<mvc:annotation-driven></mvc:annotation-driven>
	<bean id="viewResolver"
		class="org.springframework.web.servlet.view.InternalResourceViewResolver">
		<property name="prefix" value="/WEB-INF/"></property>
		<property name="suffix" value=".jsp"></property>
	</bean>

	<bean id="dataSource"
		class="org.springframework.jdbc.datasource.DriverManagerDataSource">
		<property name="driverClassName"
			value="oracle.jdbc.driver.OracleDriver"></property>
		<property name="url"
			value="jdbc:oracle:thin:@localhost:1521/xe"></property>
		<property name="username" value="INVENTORY1"></property>
		<property name="password" value="INVENTORY1"></property>
	</bean>

	<bean id="entityManagerFactory"
		class="org.springframework.orm.jpa.LocalContainerEntityManagerFactoryBean">
		<property name="dataSource" ref="dataSource"></property>
		<property name="packagesToScan" value="com.cg.emp.bean"></property>
		<property name="jpaVendorAdapter">
			<bean
				class="org.springframework.orm.jpa.vendor.HibernateJpaVendorAdapter"></bean>
		</property>

		<property name="jpaProperties">
			<props>
				<prop key="hibernate.hbm2ddl.auto">update</prop>
				<prop key="hibernate.dialect">org.hibernate.dialect.OracleDialect</prop>
			</props>
		</property>
	</bean>

	<bean id="transactionManager"
		class="org.springframework.orm.jpa.JpaTransactionManager">
		<property name="entityManagerFactory"
			ref="entityManagerFactory"></property>
	</bean>

	<tx:annotation-driven />


</beans>