<?xml version="1.0" encoding="UTF-8"?>

<beans xmlns="http://www.springframework.org/schema/beans"
	xmlns:context="http://www.springframework.org/schema/context"
	xmlns:xsi="http://www.w3.org/2001/XMLSchema-instance" xmlns:mvc="http://www.springframework.org/schema/mvc"
	xmlns:tx="http://www.springframework.org/schema/tx"


	xsi:schemaLocation="
        http://www.springframework.org/schema/beans    
        http://www.springframework.org/schema/beans/spring-beans-2.5.xsd
        http://www.springframework.org/schema/context
        http://www.springframework.org/schema/context/spring-context.xsd
        http://www.springframework.org/schema/mvc
        http://www.springframework.org/schema/mvc/spring-mvc.xsd
        http://www.springframework.org/schema/tx
        http://www.springframework.org/schema/tx/spring-tx-3.0.xsd">

		<bean id="triangle" class="com.cg.Triangle">
	<!-- <constructor-arg value="Equilateral"></constructor-arg> -->		
	<!-- <property name="type" value="Isocseles"></property>
	<property name="height" value="20"></property> -->
	<constructor-arg value="Equilateral"></constructor-arg>
	<constructor-arg value="20"></constructor-arg>
		</bean>
</beans>
