<?xml version="1.0" encoding="UTF-8"?>

<beans xmlns="http://www.springframework.org/schema/beans"
	xmlns:context="http://www.springframework.org/schema/context"
	xmlns:xsi="http://www.w3.org/2001/XMLSchema-instance" xmlns:mvc="http://www.springframework.org/schema/mvc"
	xmlns:tx="http://www.springframework.org/schema/tx"
	xsi:schemaLocation="
        http://www.springframework.org/schema/beans    
        http://www.springframework.org/schema/beans/spring-beans-2.5.xsd
        http://www.springframework.org/schema/context
        http://www.springframework.org/schema/context/spring-context.xsd
        http://www.springframework.org/schema/mvc
        http://www.springframework.org/schema/mvc/spring-mvc.xsd
        http://www.springframework.org/schema/tx
        http://www.springframework.org/schema/tx/spring-tx-3.0.xsd">

	 <bean id="employee" class="com.spring.assignment.Employee">
		<property name="employeeId" value="12345"></property>
		<property name="employeeName" value="Harry"></property>
		<property name="salary" value="15000.0"></property>
		<property name="businessUnit" value="PES-BU"></property>
		<property name="age" value="25"></property>
		<property name="sbu" ref="sbuid"></property>
	</bean> 
	<bean id="sbuid" class="com.spring.assignment.SBU">
		<property name="sbuCode" value="PES-BU"></property>
		<property name="sbuName" value="Kiran Rao"></property>
		<property name="sbuHead" value="Product Engineering Services"></property>
		<property name="employees">
			<list>
				<ref bean="employee1"></ref>
				<ref bean="employee2"></ref>
			</list>
		</property>
	</bean>
	<bean id="employee1" class="com.spring.assignment.Employee_2">
		<property name="age" value="25"></property>
		<property name="employeeId" value="1001"></property>
		<property name="employeeName" value="Harry"></property>
		<property name="salary" value="15000.0"></property>
		
	</bean>
	<bean id="employee2" class="com.spring.assignment.Employee_2">
		<property name="age" value="28"></property>
		<property name="employeeId" value="1002"></property>
		<property name="employeeName" value="Mary"></property>
		<property name="salary" value="25000.0"></property>
		
	</bean>

</beans>